<?xml version="1.0" encoding="UTF-8"?>
<project-private xmlns="http://www.netbeans.org/ns/project-private/1">
    <editor-bookmarks xmlns="http://www.netbeans.org/ns/editor-bookmarks/2" lastBookmarkId="0"/>
    <open-files xmlns="http://www.netbeans.org/ns/projectui-open-files/2">
        <group>
            <file>file:/C:/Users/Gundo%20Makhuvha/Documents/NetBeansProjects/HCIN6222%20Prototype/public_html/index.html</file>
            <file>file:/C:/Users/Gundo%20Makhuvha/Documents/NetBeansProjects/HCIN6222%20Prototype/public_html/Links.html</file>
            <file>file:/C:/Users/Gundo%20Makhuvha/Documents/NetBeansProjects/HCIN6222%20Prototype/public_html/careers.html</file>
            <file>file:/C:/Users/Gundo%20Makhuvha/Documents/NetBeansProjects/HCIN6222%20Prototype/public_html/modules.html</file>
            <file>file:/C:/Users/Gundo%20Makhuvha/Documents/NetBeansProjects/HCIN6222%20Prototype/public_html/about.html</file>
        </group>
    </open-files>
</project-private>
